ID,ENTRYTYPE,title,author,year,journal,booktitle,doi,url,keywords,numpages,articleno,month,abstract,number,volume,address,publisher,issue_date,series,location,pages,isbn,note,issn
10.1145/3678185,article,Utilizing classical programming principles in the Intel Quantum SDK: implementation of quantum lattice Boltzmann method,"Shinde, Tejas and Budinski, Ljubomir and Niemim\""{a}ki, Ossi and Lahtinen, Valtteri and Liebelt, Helena and Li, Rui",2025,ACM Transactions on Quantum Computing,,10.1145/3678185,https://doi.org/10.1145/3678185,"Quantum computing, quantum algorithm, Intel Quantum SDK",18,9,January,"We explore the use of classical programming techniques in implementing the quantum lattice Boltzmann method in the Intel Quantum SDK—a software tool for quantum circuit creation and execution on Intel quantum hardware. As hardware access is limited, we use the state vector simulator provided by the SDK. The novelty of this work lies in leveraging classical techniques for the implementation of quantum algorithms. We emphasize the refinement of algorithm implementation and devise strategies to enhance quantum circuits for better control over problem variables. To this end, we adopt classical principles such as modularization, which allows for systematic and controlled execution of complex algorithms. Furthermore, we discuss how the same implementation could be expanded from state vector simulations to execution on quantum hardware with minor adjustments in these configurations.",1,6,"New York, NY, USA",Association for Computing Machinery,March 2025,,,,,,
10.1145/3663531.3664751,inproceedings,QCSHQD: Quantum Computing as a Service for Hybrid Classical-Quantum Software Development: A Vision,"Tavassoli Sabzevari, Maryam and Esposito, Matteo and Taibi, Davide and Khan, Arif Ali",2024,,Proceedings of the 1st ACM International Workshop on Quantum Software Engineering: The Next Evolution,10.1145/3663531.3664751,https://doi.org/10.1145/3663531.3664751,"Framework, Hybrid Quantum Computing, Quantum Computing, Quantum Services",4,,,"Quantum Computing (QC) is transitioning from theoretical frameworks to an indispensable powerhouse of computational capability, resulting in extensive adoption across both industrial and academic domains. QC presents exceptional advantages, including unparalleled processing speed and the potential to solve complex problems beyond the capabilities of classical computers. Nevertheless, academic researchers and industry practitioners encounter various challenges in harnessing the benefits of this technology. The limited accessibility of QC resources for classical developers, and a general lack of domain knowledge and expertise, represent insurmountable barrier, hence to address these challenges, we introduce a framework- Quantum Computing as a Service for Hybrid Classical-Quantum Software Development (QCSHQD), which leverages service-oriented strategies. Our framework comprises three principal components: an Integrated Development Environment (IDE) for user interaction, an abstraction layer dedicated to orchestrating quantum services, and a service provider responsible for executing services on quantum computer. This study presents a blueprint for QCSHQD, designed to democratize access to QC resources for classical developers who want to seamless harness QC power. The vision of QCSHQD paves the way for groundbreaking innovations by addressing key challenges of hybridization between classical and quantum computers.",,,"New York, NY, USA",Association for Computing Machinery,,QSE-NE 2024,"Porto de Galinhas, Brazil",7–10,9798400706738,,
10.1145/3815169,article,QuCheck: A Property-based Testing Framework for Quantum Programs in Qiskit,"Pontolillo, Gabriel and Mousavi, Mohammad Reza and Grzesiuk, Marek",2026,ACM Transactions on Quantum Computing,,10.1145/3815169,https://doi.org/10.1145/3815169,"Property-based testing, Quantum Software Testing, Quantum program verification, Quantum computing, Mutation analysis, Qiskit",,,May,"Property-based testing has been previously proposed for quantum programs in Q# with QSharpCheck; however, this implementation was limited in functionality, lacked extensibility, and was evaluated on a narrow range of programs using a single property. To address these limitations, we propose QuCheck, an improved property-based testing framework for Qiskit. By leveraging Qiskit and the broader Python ecosystem, QuCheck facilitates property construction, introduces flexible input generators and assertions, and supports expressive preconditions. We assessed its effectiveness through mutation analysis on five quantum programs (2-10 qubits), varying the number of properties, inputs, and measurement shots to assess their impact on fault detection and demonstrate the effectiveness of property-based testing across a range of conditions. Results show a strong positive correlation between the mutation score (a measure of fault detection) and number of properties evaluated, with a moderate negative correlation between the false positive rate and number of measurement shots. The most thorough test configurations achieved a mean mutation score of 0.90 averaged across all five algorithms, with a false positive rate between 0 and 0.06. QuCheck identified 47.8% more faults than QSharpCheck, with execution time reduced by 67.4%. These findings highlight the viability of property-based testing for verifying quantum systems.",,,"New York, NY, USA",Association for Computing Machinery,,,,,,Just Accepted,
10.1145/3803018,article,C2|Q>: A Robust Framework for Bridging Classical and Quantum Software Development,"Ye, Boshuai and Khan, Arif Ali and Pihkakoski, Teemu and Liang, Peng and Azeem Akbar, Muhammad and Silveri, Matti and Malmi, Lauri",2026,ACM Trans. Softw. Eng. Methodol.,,10.1145/3803018,https://doi.org/10.1145/3803018,"Quantum Computing, Quantum Software Development, Quantum Programming, Quantum Software Engineering",,,March,"Quantum Software Engineering (QSE) is emerging as a critical discipline to make quantum computing accessible to a broader developer community; however, most quantum development environments still require developers to engage with low-level details across the software stack—including problem encoding, circuit construction, algorithm configuration, hardware selection, and result interpretation—making them difficult for classical software engineers to use. To bridge this gap, we present C2 (lvert Q rangle) , a hardware-agnostic quantum software development framework that translates specific types of classical specifications into quantum-executable programs while preserving methodological rigor. The framework applies modular software engineering principles by classifying the workflow into three core modules: an encoder that classifies problems, produces Quantum-Compatible Formats (QCFs), and constructs quantum circuits, a deployment module that generates circuits and recommends hardware based on fidelity, runtime, and cost, and a decoder that interprets quantum outputs into classical solutions. This architecture supports systematic evaluation across simulators and Noisy Intermediate-Scale Quantum (NISQ) quantum devices, remaining scalable to new problem classes and algorithms. In evaluation, the encoder module achieved a 93.8% completion rate, the hardware recommendation module consistently selected the appropriate quantum devices for workloads scaling up to 56 qubits. End-to-end experiments on 434 Python programs and 100 JSON problem instances demonstrate that the full C2 (lvert Q rangle)   workflow executes reliably on simulators and can be deployed successfully on representative real quantum hardware, with empirical runs limited to small- and medium-sized instances consistent with current NISQ capabilities. A proxy-based usability analysis further indicates substantial reductions in handwritten lines of code and explicit configuration steps compared to conventional quantum SDK workflows. These results indicate that C2 (lvert Q rangle) lowers the entry barrier to quantum software development by providing a reproducible, extensible toolchain that connects classical specifications to quantum execution. The open-source implementation of C2 (lvert Q rangle)   is available at  and as a ready-to-use Python package at .",,,"New York, NY, USA",Association for Computing Machinery,,,,,,Just Accepted,1049-331X
10.1145/3749096.3750036,inproceedings,Quantum-Enabled Secure Computation Medical Service,"Matos, Diogo Filipe and Romero, Juan Jos\'{e} and Ortiz, Laura and Martin, Vicente and Pinto, Armando Nolasco",2025,,Proceedings of the 2nd Workshop on Quantum Networks and Distributed Quantum Computing,10.1145/3749096.3750036,https://doi.org/10.1145/3749096.3750036,"Genomics Medicine, Multi-Party Computation, Oblivious Keys, Oblivious Transfer, Quantum Key Distribution, Quantum Key Distribution Infrastructure",7,,,"This work presents the implementation of a quantum-enabled Secure Multi-Party Computation (SMC) service applied to two medical use cases and demonstrated on a Quantum Key Distribution (QKD) network deployed in Aveiro, utilizing both research and commercial QKD devices. We show the integration of quantum resources into the execution of SMC protocols by using quantum-generated oblivious keys, and also an overview of the generic framework for deploying SMC services. At the end, the results demonstrate the feasibility of the proposed use cases, highlighting the need for continued research into the integration of quantum Oblivious Transfer (OT) and SMC services within QKD networks.",,,"New York, NY, USA",Association for Computing Machinery,,QuNet '25,"Coimbra, Portugal",42–48,9798400720970,,
10.1145/3733817.3762700,inproceedings,ObfusQate: Unveiling the First Quantum Program Obfuscation Framework,"Bartake, Nikhil and Jie, See Toh Zi and Jiawen, Carmen Wong and Ren, Declan Fong Yi and Kasper, Michael and Balachandran, Vivek",2025,,Proceedings of the 2025 Workshop on Research on Offensive and Defensive Techniques in the Context of Man At The End (MATE) Attacks,10.1145/3733817.3762700,https://doi.org/10.1145/3733817.3762700,"Quantum circuits, Qubits, Superposition, Entanglement, Obfuscation",10,,,"We introduce ObfusQate, a novel framework that performs software obfuscation using quantum primitives to enhance the security of both classical and quantum programs. ObfusQate implements eight obfuscation techniques categorized into quantum circuit-level and code-level transformations. Circuit-level obfuscation leverages quantum gates, identity operations, and unitary transformations to construct non-intuitive circuits that resist reverse engineering. Code-level obfuscation employs quantum-based opaque predicates to obscure control flow, making execution paths unpredictable. We evaluate the effectiveness of ObfusQate using three benchmark quantum algorithms: Bernstein-Vazirani, Shor’s, and QAOA. Experiments show that the framework incurs tunable polynomial overhead in both time and space, while preserving functional correctness. Additionally, we demonstrate an offensive use case by embedding a keylogger into Shor’s algorithm. Large language models (GPT-4o, GPT-o3-mini, and Grok-3) successfully identified the payload in the unobfuscated version, but failed when it was obfuscated using ObfusQate. To our knowledge, ObfusQate is the first automated system for quantum software obfuscation. It provides a foundation for secure deployment of quantum software in adversarial and shared environments.",,,"New York, NY, USA",Association for Computing Machinery,,CheckMATE '25,,10–19,9798400719066,,
10.1145/3731599.3787548,inproceedings,Session Summary Podcast: Session 27: SFWM: The 1st International Workshop for Software Frameworks and Workload Management on Quantum and HPC Ecosystems,AI Generated,2026,,"Proceedings of the SC '25 Workshops of the International Conference for High Performance Computing, Networking, Storage and Analysis",10.1145/3731599.3787548,https://doi.org/10.1145/3731599.3787548,,,,,An AI-generated podcast companion article to augment the SFWM: The 1st International Workshop for Software Frameworks and Workload Management on Quantum and HPC Ecosystems Session of the SC Workshops '25NOTE: AI content can contain errors and should be double-checked before use.,,,"New York, NY, USA",Association for Computing Machinery,,SC Workshops '25,,,9798400718717,,
10.1109/SCW63240.2024.00205,inproceedings,A Software Platform to Support Disaggregated Quantum Accelerators,"Kaya, Erc\""{u}ment and Echavarria, Jorge and Farooqi, Muhammad Nufail and Swierkowska, Aleksandra and Hopf, Patrick and Mete, Burak and Burgholzer, Lukas and Wille, Robert and Schulz, Laura and Schulz, Martin",2025,,"Proceedings of the SC '24 Workshops of the International Conference on High Performance Computing, Network, Storage, and Analysis",10.1109/SCW63240.2024.00205,https://doi.org/10.1109/SCW63240.2024.00205,"Disaggregated Infrastructures, HPCQC Integration, Hybrid Software Stacks, Quantum Computing, Quantum Systems",8,,,"Quantum computers are making their way into High Performance Computing (HPC) centers as next-generation accelerators. Due to their physical implementation as mostly large appliances in separate racks, their number in typical data centers is significantly lower than the number of nodes offloading work to them, unlike the case with GPU accelerators. As a consequence, they form large-scale disaggregated infrastructures that pose a number of integration challenges due to their diverse implementation technologies and their need to be used as a shared resource for optimal utilization. Running hybrid High Performance Computing-Quantum Computing (HPCQC) applications in HPC environments, where the quantum portion is offloaded to the quantum processing units (QPUs), requires sophisticated resource management strategies to optimize resource utilization and performance. In this paper, we present one aspect of the Munich Quantum Software Stack (MQSS) - a Just-In-Time (JIT) compilation and execution software stack for quantum and hybrid quantum-HPC workloads - beneficial for integrating disaggregated quantum accelerators into traditional HPC workflows. MQSS is centered around a series of novel contributions aimed at optimizing the compilation process while managing the disaggregated resources ensuring efficient utilization of all available quantum resources. The key stages of our JIT compilation stack involve hardware-agnostic optimizations, quantum circuit cutting -- when necessary -- and a novel hardware platform selection process. Included here is description of the use of the MQSS's Quantum Device Management Interface (QDMI), a unified interface between the software stack and the quantum accelerators, which allows connection to several, potentially different, quantum resources. Our methodology demonstrates notable advancements in HPCQC integration workflows, offering researchers a powerful framework for leveraging quantum computational capabilities. Overall, our work represents a significant step towards the practical integration of disaggregated quantum devices within the realm of supercomputing, unlocking new avenues for computational exploration and discovery.",,,,IEEE Press,,SC-W '24,"Atlanta, GA, USA",1646–1653,9798350355543,,
10.1109/DAC56929.2023.10247886,inproceedings,CUDA Quantum: The Platform for Integrated Quantum-Classical Computing,"Kim, Jin-Sung and McCaskey, Alex and Heim, Bettina and Modani, Manish and Stanwyck, Sam and Costa, Timothy",2025,,Proceedings of the 60th Annual ACM/IEEE Design Automation Conference,10.1109/DAC56929.2023.10247886,https://doi.org/10.1109/DAC56929.2023.10247886,"quantum computing, hybrid quantum classical, HPC",4,,,"A critical challenge to making quantum computers work in practice is effectively combining them with classical computing resources. From the classical side of hybrid algorithms and integrated application workflows to decoding syndromes for quantum error correction, tightly coupled high performance classical computing will be important for many of the functions required to realize useful quantum computing. A key tool for enabling research and application development is a programming model and software toolchain which allow researchers to straightforwardly co-program classical and quantum computers and leverage the best tools available for each. NVIDIA CUDA Quantum is a single-source programming model in C++ and Python for heterogeneous quantum-classical computing. The CUDA Quantum platform provides several advantages and new capabilities that enable users to get more out of quantum processors. Here, we present CUDA Quantum and demonstrate several use cases including Variational Quantum Eigensolver (VQE) where it provides a significant (287x) performance and capability benefit over existing quantum programming.",,,,IEEE Press,,DAC '23,"San Francisco, California, United States",1–4,9798350323481,,
10.1109/ISCA59077.2024.00029,inproceedings,Tetris: A Compilation Framework for VQA Applications in Quantum Computing,"Jin, Yuwei and Li, Zirui and Hua, Fei and Hao, Tianyi and Zhou, Huiyang and Huang, Yipeng and Zhang, Eddy Z.",2025,,Proceedings of the 51st Annual International Symposium on Computer Architecture,10.1109/ISCA59077.2024.00029,https://doi.org/10.1109/ISCA59077.2024.00029,,16,,,"Quantum computing has shown promise in solving complex problems by leveraging the principles of superposition and entanglement. Variational quantum algorithms (VQA) are a class of algorithms suited for near-term quantum computers due to their modest requirements of qubits and depths of computation. This paper introduces Tetris - a compilation framework for VQA applications on near-term quantum devices. Tetris focuses on reducing two-qubit gates in the compilation process since a two-qubit gate has an order of magnitude more significant error and execution time than a single-qubit gate. Tetris exploits unique opportunities in the circuit synthesis stage often overlooked by the state-of-the-art VQA compilers for reducing the number of two-qubit gates. Tetris comes with a refined IR of Pauli string to express such a two-qubit gate optimization opportunity. Moreover, Tetris is equipped with a fast bridging approach that mitigates the hardware mapping cost. Overall, Tetris demonstrates a reduction of up to 41.3% in CNOT gate counts, 37.9% in circuit depth, and 42.6% in circuit duration for various molecules of different sizes and structures compared with the state-of-the-art approaches. Tetris is open-sourced at this link.",,,,IEEE Press,,ISCA '24,"Buenos Aires, Argentina",277–292,9798350326581,,
10.1145/3660802,article,Analyzing Quantum Programs with LintQ: A Static Analysis Framework for Qiskit,"Paltenghi, Matteo and Pradel, Michael",2024,Proc. ACM Softw. Eng.,,10.1145/3660802,https://doi.org/10.1145/3660802,"Program Analysis, Quantum Computing, Static Analysis, Bug Detection",23,95,July,"As quantum computing is rising in popularity, the amount of quantum programs and the number of developers writing them are increasing rapidly. Unfortunately, writing correct quantum programs is challenging due to various subtle rules developers need to be aware of. Empirical studies show that 40–82% of all bugs in quantum software are specific to the quantum domain. Yet, existing static bug detection frameworks are mostly unaware of quantum-specific concepts, such as circuits, gates, and qubits, and hence miss many bugs. This paper presents LintQ, a comprehensive static analysis framework for detecting bugs in quantum programs. Our approach is enabled by a set of abstractions designed to reason about common concepts in quantum computing without referring to the details of the underlying quantum computing platform. Built on top of these abstractions, LintQ offers an extensible set of ten analyses that detect likely bugs, such as operating on corrupted quantum states, redundant measurements, and incorrect compositions of sub-circuits. We apply the approach to a newly collected dataset of 7,568 real-world Qiskit-based quantum programs, showing that LintQ effectively identifies various programming problems, with a precision of 91.0% in its default configuration with the six best performing analyses. Comparing to a general-purpose linter and two existing quantum-aware techniques shows that almost all problems (92.1%) found by LintQ during our evaluation are missed by                      prior work. LintQ hence takes an important step toward reliable software in the growing field of quantum computing.",FSE,1,"New York, NY, USA",Association for Computing Machinery,July 2024,,,,,,
10.1145/3659996.3660035,inproceedings,A Design Framework for the Simulation of Distributed Quantum Computing,"Ferrari, Davide and Amoretti, Michele",2024,,Proceedings of the 2024 Workshop on High Performance and Quantum Computing Integration,10.1145/3659996.3660035,https://doi.org/10.1145/3659996.3660035,"distributed quantum computing, simulation framework, job scheduling",7,,,"The growing demand for large-scale quantum computers is pushing research on Distributed Quantum Computing (DQC). Recent experimental efforts have demonstrated some of the building blocks for such a design. DQC systems are clusters of quantum processing units (QPUs) connected by means of quantum network infrastructures. Their extension ranges from the single box to the geographical scale. Furthermore, they can be integrated with classical High Performance Computing systems. Simulation modeling of DQC architectures provides a safe way to test and explore different what-if scenarios. Many simulation tools have been developed to support the research community in designing and evaluating quantum computer and quantum network technologies, including hardware, protocols, and applications. However, a framework for DQC simulation putting equal emphasis on computational and networking aspects has never been proposed, so far. In this paper, a design framework for DQC simulation is presented, whose core component is an Execution Manager that schedules DQC jobs for running on networked quantum computers. Two metrics are proposed for evaluating the impact of the job scheduling algorithms with respect to QPU utilization and quantum network utilization, beyond the traditional concept of makespan. The discussion is supported by a DQC job scheduling example, where two different strategies are compared in terms of the proposed metrics.",,,"New York, NY, USA",Association for Computing Machinery,,HPQCI '24,"Pisa, Italy",4–10,9798400706431,,
10.1145/3663531.3664752,inproceedings,𝐶𝑙𝑎𝑠𝑠𝑖|𝑄⟩: Towards a Translation Framework to Bridge the Classical-Quantum Programming Gap,"Esposito, Matteo and Sabzevari, Maryam Tavassoli and Ye, Boshuai and Falessi, Davide and Khan, Arif Ali and Taibi, Davide",2024,,Proceedings of the 1st ACM International Workshop on Quantum Software Engineering: The Next Evolution,10.1145/3663531.3664752,https://doi.org/10.1145/3663531.3664752,"Programming Languages, Python, QASM, Quantum Computing, Quantum Programming Language, Translation",4,,,"Quantum computing, albeit readily available as hardware or emulated on the cloud, is still far from being available in general regarding complex programming paradigms and learning curves. This vision paper introduces Classi|Q⟩, a translation framework idea to bridge Classical and Quantum Computing by translating high-level programming languages, e.g., Python or C++, into a low-level language, e.g., Quantum Assembly. Our idea paper serves as a blueprint for ongoing efforts in quantum software engineering, offering a roadmap for further Classi|Q⟩ development to meet the diverse needs of researchers and practitioners. Classi|Q⟩ is designed to empower researchers and practitioners with no prior quantum experience to harness the potential of hybrid quantum computation. We also discuss future enhancements to Classi|Q⟩, including support for additional quantum languages, improved optimization strategies, and integration with emerging quantum computing platforms.",,,"New York, NY, USA",Association for Computing Machinery,,QSE-NE 2024,"Porto de Galinhas, Brazil",11–14,9798400706738,,
10.1145/3649329.3655950,inproceedings,RCGP: An Automatic Synthesis Framework for Reversible Quantum-Flux-Parametron Logic Circuits based on Efficient Cartesian Genetic Programming,"Fu, Rongliang and Wille, Robert and Ho, Tsung-Yi",2024,,Proceedings of the 61st ACM/IEEE Design Automation Conference,10.1145/3649329.3655950,https://doi.org/10.1145/3649329.3655950,,6,219,,"Reversible computing has gained increasing attention as a prospective solution for energy dissipation, particularly in quantum computing. As the first practical reversible logic gate using adiabatic superconducting devices, the reversible quantum-flux-parametron (RQFP) has been experimentally demonstrated in logical and physical reversibility. However, the circuit design of RQFP logic poses enormous challenges due to its distinctive logic function and structure. Furthermore, the circuit scale severely restricts the applicability of the existing exact logic synthesis method for RQFP logic. Therefore, this paper proposes RCGP, an automatic synthesis framework based on efficient Cartesian genetic programming, to generate large RQFP logic circuits. RCGP considers the characteristics of RQFP logic circuits to minimize the number of gates and garbage outputs. Meanwhile, RCGP combines circuit simulation with formal verification to assess the functional equivalence between the parent and its offspring. Experimental results on reversible logic benchmarks demonstrate the effectiveness of RCGP.",,,"New York, NY, USA",Association for Computing Machinery,,DAC '24,"San Francisco, CA, USA",,9798400706011,,
10.1145/3632923,article,SimuQ: A Framework for Programming Quantum Hamiltonian Simulation with Analog Compilation,"Peng, Yuxiang and Young, Jacob and Liu, Pengyu and Wu, Xiaodi",2024,Proc. ACM Program. Lang.,,10.1145/3632923,https://doi.org/10.1145/3632923,"quantum simulation, analog quantum computing, pulse-level programming",31,81,January,"Quantum Hamiltonian simulation, which simulates the evolution of quantum systems and probes quantum phenomena, is one of the most promising applications of quantum computing. Recent experimental results suggest that Hamiltonian-oriented analog quantum simulation would be advantageous over circuit-oriented digital quantum simulation in the Noisy Intermediate-Scale Quantum (NISQ) machine era. However, programming analog quantum simulators is much more challenging due to the lack of a unified interface between hardware and software. In this paper, we design and implement SimuQ, the first framework for quantum Hamiltonian simulation that supports Hamiltonian programming and pulse-level compilation to heterogeneous analog quantum simulators. Specifically, in SimuQ, front-end users specify the target quantum system with Hamiltonian Modeling Language, and the Hamiltonian-level programmability of analog quantum simulators is specified through a new abstraction called the abstract analog instruction set (AAIS) and programmed in AAIS Specification Language by hardware providers. Through a solver-based compilation, SimuQ generates executable pulse schedules for real devices to simulate the evolution of desired quantum systems, which is demonstrated on superconducting (IBM), neutral-atom (QuEra), and trapped-ion (IonQ) quantum devices. Moreover, we demonstrate the advantages of exposing the Hamiltonian-level programmability of devices with native operations or interaction-based gates and establish a small benchmark of quantum simulation to evaluate SimuQ’s compiler with the above analog quantum simulators.",POPL,8,"New York, NY, USA",Association for Computing Machinery,January 2024,,,,,,
10.1145/3483528,article,Quingo: A Programming Framework for Heterogeneous Quantum-Classical Computing with NISQ Features,"Fu, X. and Yu, Jintao and Su, Xing and Jiang, Hanru and Wu, Hua and Cheng, Fucheng and Deng, Xi and Zhang, Jinrong and Jin, Lei and Yang, Yihang and Xu, Le and Hu, Chunchao and Huang, Anqi and Huang, Guangyao and Qiang, Xiaogang and Deng, Mingtang and Xu, Ping and Xu, Weixia and Liu, Wanwei and Zhang, Yu and Deng, Yuxin and Wu, Junjie and Feng, Yuan",2021,ACM Transactions on Quantum Computing,,10.1145/3483528,https://doi.org/10.1145/3483528,"Quantum programming framework, quantum programming language, quantum compilation, NISQ, timing control",37,19,December,"The increasing control complexity of Noisy Intermediate-Scale Quantum (NISQ) systems underlines the necessity of integrating quantum hardware with quantum software. While mapping heterogeneous quantum-classical computing (HQCC) algorithms to NISQ hardware for execution, we observed a few dissatisfactions in quantum programming languages (QPLs), including difficult mapping to hardware, limited expressiveness, and counter-intuitive code. In addition, noisy qubits require repeatedly performed quantum experiments, which explicitly operate low-level configurations, such as pulses and timing of operations. This requirement is beyond the scope or capability of most existing QPLs.We summarize three execution models to depict the quantum-classical interaction of existing QPLs. Based on the refined HQCC model, we propose the Quingo framework to integrate and manage quantum-classical software and hardware to provide the programmability over HQCC applications and map them to NISQ hardware. We propose a six-phase quantum program life-cycle model matching the refined HQCC model, which is implemented by a runtime system. We also propose the Quingo programming language, an external domain-specific language highlighting timer-based timing control and opaque operation definition, which can be used to describe quantum experiments. We believe the Quingo framework could contribute to the clarification of key techniques in the design of future HQCC systems.",4,2,"New York, NY, USA",Association for Computing Machinery,December 2021,,,,,,
10.1109/ICSE48619.2023.00202,inproceedings,MorphQ: Metamorphic Testing of the Qiskit Quantum Computing Platform,"Paltenghi, Matteo and Pradel, Michael",2023,,Proceedings of the 45th International Conference on Software Engineering,10.1109/ICSE48619.2023.00202,https://doi.org/10.1109/ICSE48619.2023.00202,,12,,,"As quantum computing is becoming increasingly popular, the underlying quantum computing platforms are growing both in ability and complexity. Unfortunately, testing these platforms is challenging due to the relatively small number of existing quantum programs and because of the oracle problem, i.e., a lack of specifications of the expected behavior of programs. This paper presents MorphQ, the first metamorphic testing approach for quantum computing platforms. Our two key contributions are (i) a program generator that creates a large and diverse set of valid (i.e., non-crashing) quantum programs, and (ii) a set of program transformations that exploit quantum-specific metamorphic relationships to alleviate the oracle problem. Evaluating the approach by testing the popular Qiskit platform shows that the approach creates over 8k program pairs within two days, many of which expose crashes. Inspecting the crashes, we find 13 bugs, nine of which have already been confirmed. MorphQ widens the slim portfolio of testing techniques of quantum computing platforms, helping to create a reliable software stack for this increasingly important field.",,,,IEEE Press,,ICSE '23,"Melbourne, Victoria, Australia",2413–2424,9781665457019,,
10.1145/3579371.3589047,inproceedings,OneQ: A Compilation Framework for Photonic One-Way Quantum Computation,"Zhang, Hezi and Wu, Anbang and Wang, Yuke and Li, Gushu and Shapourian, Hassan and Shabani, Alireza and Ding, Yufei",2023,,Proceedings of the 50th Annual International Symposium on Computer Architecture,10.1145/3579371.3589047,https://doi.org/10.1145/3579371.3589047,"one-way quantum computing, measurement-based quantum computing (MBQC), photonics, compiler",14,12,,"In this paper, we propose OneQ, the first optimizing compilation framework for one-way quantum computation towards realistic photonic quantum architectures. Unlike previous compilation efforts for solid-state qubit technologies, our innovative framework addresses a unique set of challenges in photonic quantum computing. Specifically, this includes the dynamic generation of qubits over time, the need to perform all computation through measurements instead of relying on 1-qubit and 2-qubit gates, and the fact that photons are instantaneously destroyed after measurements. As pioneers in this field, we demonstrate the vast optimization potential of photonic one-way quantum computing, showcasing the remarkable ability of OneQ to reduce computing resource requirements by orders of magnitude.",,,"New York, NY, USA",Association for Computing Machinery,,ISCA '23,"Orlando, FL, USA",,9798400700958,,
10.1145/3520304.3533956,inproceedings,A novel quantum-inspired evolutionary computation-based quantum circuit synthesis for various universal gate libraries,"Chou, Yao-Hsin and Kuo, Shu-Yu and Jiang, Yu-Chi and Wu, Ching-Hsuan and Shen, Jyun-Yi and Hua, Cheng-Yen and Huang, Pei-Shin and Lai, Yun-Ting and Tong, Yong Feng and Chang, Ming-He",2022,,Proceedings of the Genetic and Evolutionary Computation Conference Companion,10.1145/3520304.3533956,https://doi.org/10.1145/3520304.3533956,"Clifford+T, evolutionary computation, quantum circuit synthesis",8,,,"The quantum circuit is the prime factor to realize quantum computation. This paper proposes a novel quantum-inspired evolutionary computation method to synthesize quantum circuits effectively and efficiently. Recently, the Clifford+T gate library has become popular, as the T gate has a better fault-tolerant and error correction efficacy, which is essential to near-term quantum computation. The proposed quantum-inspired evolutionary computation is more flexible in constructing diverse solutions than the classical synthesis method. The entangled local search mechanism further enhances the ability to discover the optimal solutions on an efficient frontier. The encoding can be slightly changed to achieve various gate libraries circuit synthesis in the quantum or reversible Boolean circuits. The experiments demonstrate that our proposed method can be more effective in composing a compact quantum circuit than the state-of-the-art method. Meanwhile, the T-depth can attain an optimal value without ancilla bits. Furthermore, we provide an illustration to construct the function equivalent quantum circuit with the NOT, CNOT, Controlled-Square-Root-of-NOT quantum gate library (NCV). We also conduct exhaustion to prove that our synthesized circuit is an optimal solution, requiring far fewer resources in time and evaluation than exhaustion.",,,"New York, NY, USA",Association for Computing Machinery,,GECCO '22,"Boston, Massachusetts",2182–2189,9781450392686,,
10.1145/3474222,article,OpenQL: A Portable Quantum Programming Framework for Quantum Accelerators,"Khammassi, N. and Ashraf, I. and Someren, J. V. and Nane, R. and Krol, A. M. and Rol, M. A. and Lao, L. and Bertels, K. and Almudever, C. G.",2021,J. Emerg. Technol. Comput. Syst.,,10.1145/3474222,https://doi.org/10.1145/3474222,"Quantum compiler, quantum computing, quantum circuit, quantum processor",24,13,December,"With the potential of quantum algorithms to solve intractable classical problems, quantum computing is rapidly evolving, and more algorithms are being developed and optimized. Expressing these quantum algorithms using a high-level language and making them executable on a quantum processor while abstracting away hardware details is a challenging task. First, a quantum programming language should provide an intuitive programming interface to describe those algorithms. Then a compiler has to transform the program into a quantum circuit, optimize it, and map it to the target quantum processor respecting the hardware constraints such as the supported quantum operations, the qubit connectivity, and the control electronics limitations. In this article, we propose a quantum programming framework named OpenQL, which includes a high-level quantum programming language and its associated quantum compiler. We present the programming interface of OpenQL, we describe the different layers of the compiler and how we can provide portability over different qubit technologies. Our experiments show that OpenQL allows the execution of the same high-level algorithm on two different qubit technologies, namely superconducting qubits and Si-Spin qubits. Besides the executable code, OpenQL also produces an intermediate quantum assembly code, which is technology independent and can be simulated using the QX simulator.",1,18,"New York, NY, USA",Association for Computing Machinery,January 2022,,,,,,1550-4832
10.1145/3548679,article,Quantum Software Components and Platforms: Overview and Quality Assessment,"Serrano, Manuel A. and Cruz-Lemus, Jos\'{e} A. and Perez-Castillo, Ricardo and Piattini, Mario",2022,ACM Comput. Surv.,,10.1145/3548679,https://doi.org/10.1145/3548679,"Quantum computing, quantum software, quantum platforms, Quantum Software Engineering",31,164,December,"Quantum computing is the latest revolution in computing and will probably come to be seen as an advance as important as the steam engine or the information society. In the last few decades, our understanding of quantum computers has expanded and multiple efforts have been made to create languages, libraries, tools, and environments to facilitate their programming. Nonetheless, quantum computers are complex systems at the bottom of a stack of layers that programmers need to understand. Hence, efforts towards creating quantum programming languages and computing environments that can abstract low-level technology details have become crucial steps to achieve a useful quantum computing technology. However, most of these environments still lack many of the features that would be desirable, such as those outlined in The Talavera Manifesto for Quantum Software Engineering and Programming. For advancing quantum computing, we will need to develop quantum software engineering techniques and tools to ensure the feasibility of this new type of quantum software. To contribute to this goal, this paper provides a review of the main quantum software components and platforms. We also propose a set of quality requirements for the development of quantum software platforms and the conduct of their quality assessment.",8,55,"New York, NY, USA",Association for Computing Machinery,August 2023,,,,,,0360-0300
10.1145/3510454.3517061,inproceedings,Cross-platform testing of quantum computing platforms,"Paltenghi, Matteo",2022,,Proceedings of the ACM/IEEE 44th International Conference on Software Engineering: Companion Proceedings,10.1145/3510454.3517061,https://doi.org/10.1145/3510454.3517061,"differential testing, program synthesis, quantum computing platforms, statistical test",3,,,"Quantum computing has been attracting the attention of both applied research and companies. Continuous progress on fundamental hardware technology promises to bring us more reliable and large-scale quantum computers on which to run the next generation of quantum algorithms. These programs are compiled and executed on dedicated platforms, and similarly to classical programs, a large effort is required to test these platforms and create a robust software toolchain.Unlike previous studies which focused on cross-optimization and cross-backend testing, this dissertation aims to create the first approach for cross-platform testing which compares execution on diverse quantum computing platforms. To inform the design of the method, we will first perform an empirical study of bugs in quantum computing platforms and a review of the characteristics of realistic quantum programs.The final approach for cross-platform testing will include three components: a learning-based method to generate realistic quantum programs, an approach to map and run them on multiple platforms, and finally a quantum-specific statistical test to compare two multivariate binary distributions returned as the output of quantum programs.",,,"New York, NY, USA",Association for Computing Machinery,,ICSE '22,"Pittsburgh, Pennsylvania",269–271,9781450392235,,
10.1109/MICRO56248.2022.00074,inproceedings,AutoComm: A Framework for Enabling Efficient Communication in Distributed Quantum Programs,"Wu, Anbang and Zhang, Hezi and Li, Gushu and Shabani, Alireza and Xie, Yuan and Ding, Yufei",2023,,Proceedings of the 55th Annual IEEE/ACM International Symposium on Microarchitecture,10.1109/MICRO56248.2022.00074,https://doi.org/10.1109/MICRO56248.2022.00074,"quantum computing, quantum compiler",15,,,"Distributed quantum computing (DQC) is a promising approach to extending the computational power of near-term quantum hardware. However, the non-local quantum communication between quantum nodes is much more expensive and error-prone than the local quantum operation within each quantum device. Previous DQC compilers focus on optimizing the implementation of each non-local gate and adopt similar compilation designs to single-node quantum compilers. The communication patterns in distributed quantum programs remain unexplored, leading to a far-from-optimal communication cost. In this paper, we identify burst communication, a specific qubit-node communication pattern that widely exists in various distributed quantum programs and can be leveraged to guide communication overhead optimization. We then propose AutoComm, an automatic compiler framework to extract burst communication patterns from input programs and then optimize the communication steps of burst communication discovered. Compared to state-of-the-art DQC compilers, experimental results show that our proposed AutoComm can reduce the communication resource consumption and the program latency by 72.9% and 69.2% on average, respectively.",,,,IEEE Press,,MICRO '22,"Chicago, Illinois, USA",1027–1041,9781665462723,,
10.1145/3555962.3555964,inproceedings,Research on task scheduling scheme for quantum computing cloud platform,"Zhang, Meng and Fu, Yipeng and Wang, Jing and Lai, Junsen",2022,,Proceedings of the 2022 6th International Conference on Cloud and Big Data Computing,10.1145/3555962.3555964,https://doi.org/10.1145/3555962.3555964,,5,,,"Quantum computing devices are usually demanding on the environment, with high operating conditions and maintenance costs. The supporting quantum computing operation software also has a high professional threshold. These make it more difficult to deploy and use locally. Cloud based quantum computing services will play an important role in computing power in the quantum era. At present, high-quality quantum computing QPU is scarce, which brings access needs of a large number of users. The computing tasks of a single user are too large, resulting in a large number of resources being occupied by a single user for a period of time, affecting the use of other users or tasks. A new quantum computing cloud platform task scheduling scheme is proposed to classify users and tasks and provide differentiated service opportunities. This scheme will enable high priority users to reduce waiting time and get a better experience.",,,"New York, NY, USA",Association for Computing Machinery,,ICCBDC '22,"Birmingham, United Kingdom",7–11,9781450396578,,
10.1145/3527330,article,Bugs in Quantum computing platforms: an empirical study,"Paltenghi, Matteo and Pradel, Michael",2022,Proc. ACM Program. Lang.,,10.1145/3527330,https://doi.org/10.1145/3527330,"empirical study, quantum computing platform, software bugs",27,86,April,"The interest in quantum computing is growing, and with it, the importance of software platforms to develop quantum programs. Ensuring the correctness of such platforms is important, and it requires a thorough understanding of the bugs they typically suffer from. To address this need, this paper presents the first in-depth study of bugs in quantum computing platforms. We gather and inspect a set of 223 real-world bugs from 18 open-source quantum computing platforms. Our study shows that a significant fraction of these bugs (39.9%) are quantum-specific, calling for dedicated approaches to prevent and find them. The bugs are spread across various components, but quantum-specific bugs occur particularly often in components that represent, compile, and optimize quantum programming abstractions. Many quantum-specific bugs manifest through unexpected outputs, rather than more obvious signs of misbehavior, such as crashes. Finally, we present a hierarchy of recurrent bug patterns, including ten novel, quantum-specific patterns. Our findings not only show the importance and prevalence bugs in quantum computing platforms, but they help developers to avoid common mistakes and tool builders to tackle the challenge of preventing, finding, and fixing these bugs.",OOPSLA1,6,"New York, NY, USA",Association for Computing Machinery,April 2022,,,,,,
10.1145/3466752.3480072,inproceedings,AutoBraid: A Framework for Enabling Efficient Surface Code Communication in Quantum Computing,"Hua, Fei and Chen, Yanhao and Jin, Yuwei and Zhang, Chi and Hayes, Ari and Zhang, Youtao and Zhang, Eddy Z.",2021,,MICRO-54: 54th Annual IEEE/ACM International Symposium on Microarchitecture,10.1145/3466752.3480072,https://doi.org/10.1145/3466752.3480072,,12,,,"Quantum computers can solve problems that are intractable using the most powerful classical computer. However, qubits are fickle and error prone. It is necessary to actively correct errors in the execution of a quantum circuit. Quantum error correction (QEC) codes are developed to enable fault-tolerant quantum computing. With QEC, one logical circuit is converted into an encoded circuit. Most studies on quantum circuit compilation focus on NISQ devices which have 10-100 qubits and are not fault-tolerant. In this paper, we focus on the compilation for fault-tolerant quantum hardware. In particular, we focus on optimizing communication parallelism for the surface code based QEC. The execution of surface code circuits involves non-trivial geometric manipulation of a large lattice of entangled physical qubits. A two-qubit gate in surface code is implemented as a virtual “pipe” in space-time called a braiding path. The braiding paths should be carefully routed to avoid congestion. Communication between qubits is considered the major bottleneck as it involves scheduling and searching for simultaneous paths between qubits. We provide a framework for efficiently scheduling braiding paths. We discover that for quantum programs with a local parallelism pattern, our framework guarantees an optimal solution, while the previous greedy-heuristic-based solution cannot. Moreover, we propose an extension to the local parallelism analysis framework to address the communication bottleneck. Our framework achieves orders of magnitude improvement after addressing the communication bottleneck.",,,"New York, NY, USA",Association for Computing Machinery,,MICRO '21,"Virtual Event, Greece",925–936,9781450385572,,
3427510.3427525,inproceedings,Comparison of container-based platforms for quantum computing simulation,"Carrascal, Gin\'{e}s and Botella, Guillermo and Barrio, Alberto A. Del",2020,,Proceedings of the 2020 Summer Simulation Conference,,,"container, performance analysis, quantum computing",14,14,,"Quantum Computing allows for substantial speed-ups e.g. for integer factorization or database search, compared to conventional computation. However, since real quantum computers are an emerging technology, a significant amount of research in this domain still relies on simulations of quantum computations on conventional machines. This paper proposes a containerized environment to simulate quantum circuits, making this environment quick and easy to share within research teams. Also test the environment implementing an arithmetic circuit (Vedral's adder) and compares the performance of two of the current more used environments: IBM QISKit and Google Cirq.",,,"San Diego, CA, USA",Society for Computer Simulation International,,SummerSim '20,"Virtual Event, Spain",,9781713814290,,
10.1145/3307650.3322270,inproceedings,A stochastic-computing based deep learning framework using adiabatic quantum-flux-parametron superconducting technology,"Cai, Ruizhe and Ren, Ao and Chen, Olivia and Liu, Ning and Ding, Caiwen and Qian, Xuehai and Han, Jie and Luo, Wenhui and Yoshikawa, Nobuyuki and Wang, Yanzhi",2019,,Proceedings of the 46th International Symposium on Computer Architecture,10.1145/3307650.3322270,https://doi.org/10.1145/3307650.3322270,"adiabatic quantum-flux-parametron, deep learning, stochastic computing, superconducting",12,,,"The Adiabatic Quantum-Flux-Parametron (AQFP) superconducting technology has been recently developed, which achieves the highest energy efficiency among superconducting logic families, potentially 104--105 gain compared with state-of-the-art CMOS. In 2016, the successful fabrication and testing of AQFP-based circuits with the scale of 83,000 JJs have demonstrated the scalability and potential of implementing large-scale systems using AQFP. As a result, it will be promising for AQFP in high-performance computing and deep space applications, with Deep Neural Network (DNN) inference acceleration as an important example.Besides ultra-high energy efficiency, AQFP exhibits two unique characteristics: the deep pipelining nature since each AQFP logic gate is connected with an AC clock signal, which increases the difficulty to avoid RAW hazards; the second is the unique opportunity of true random number generation (RNG) using a single AQFP buffer, far more efficient than RNG in CMOS. We point out that these two characteristics make AQFP especially compatible with the stochastic computing (SC) technique, which uses a time-independent bit sequence for value representation, and is compatible with the deep pipelining nature. Further, the application of SC has been investigated in DNNs in prior work, and the suitability has been illustrated as SC is more compatible with approximate computations.This work is the first to develop an SC-based DNN acceleration framework using AQFP technology. The deep-pipelining nature of AQFP circuits translates into the difficulty in designing accumulators/counters in AQFP, which makes the prior design in SC-based DNN not suitable. We overcome this limitation taking into account different properties in CONV and FC layers: (i) the inner product calculation in FC layers has more number of inputs than that in CONV layers; (ii) accurate activation function is critical in CONV rather than FC layers. Based on these observations, we propose (i) accurate integration of summation and activation function in CONV layers using bitonic sorting network and feedback loop, and (ii) low-complexity categorization block for FC layers based on chain of majority gates. For complete design we also develop (i) ultra-efficient stochastic number generator in AQFP, (ii) a high-accuracy sub-sampling (pooling) block in AQFP, and (iii) majority synthesis for further performance improvement and automatic buffer/splitter insertion for requirement of AQFP circuits. Experimental results suggest that the proposed SC-based DNN using AQFP can achieve up to 6.8 \texttimes{} 104 times higher energy efficiency compared to CMOS-based implementation while maintaining 96% accuracy on the MNIST dataset.",,,"New York, NY, USA",Association for Computing Machinery,,ISCA '19,"Phoenix, Arizona",567–578,9781450366694,,
10.1145/3470496.3527428,inproceedings,Geyser: a compilation framework for quantum computing with neutral atoms,"Patel, Tirthak and Silver, Daniel and Tiwari, Devesh",2022,,Proceedings of the 49th Annual International Symposium on Computer Architecture,10.1145/3470496.3527428,https://doi.org/10.1145/3470496.3527428,"NISQ computing, neutral atoms, quantum compiling, quantum computing, quantum software, rydberg atoms",13,,,"Compared to widely-used superconducting qubits, neutral-atom quantum computing technology promises potentially better scalability and flexible arrangement of qubits to allow higher operation parallelism and more relaxed cooling requirements. The high performance computing (HPC) and architecture community is beginning to design new solutions to take advantage of neutral-atom quantum architectures and overcome its unique challenges.We propose Geyser, the first work to take advantage of the multi-qubit gates natively supported by neutral-atom quantum computers by appropriately mapping quantum circuits to three-qubit-friendly physical arrangement of qubits. Then, Geyser creates multiple logical blocks in the quantum circuit to exploit quantum parallelism and reduce the number of pulses needed to realize physical gates. These circuit blocks elegantly enable Geyser to compose equivalent circuits with three-qubit gates, even when the original program does not have any multi-qubit gates. Our evaluation results show Geyser reduces the number of operation pulses by 25%-90% and improves the algorithm's output fidelity by 25%-60% points across different algorithms.",,,"New York, NY, USA",Association for Computing Machinery,,ISCA '22,"New York, New York",383–395,9781450386104,,
10.1145/3209108.3209157,inproceedings,"Species, Profunctors and Taylor Expansion Weighted by SMCC: A Unified Framework for Modelling Nondeterministic, Probabilistic and Quantum Programs","Tsukada, Takeshi and Asada, Kazuyuki and Ong, C.-H. Luke",2018,,Proceedings of the 33rd Annual ACM/IEEE Symposium on Logic in Computer Science,10.1145/3209108.3209157,https://doi.org/10.1145/3209108.3209157,"generalised species, quantitative model, quantum computation, rigid resource calculus, weighted species",10,,,"Motivated by a tight connection between Joyal's combinatorial species and quantitative models of linear logic, this paper introduces weighted generalised species (or weighted profunctors), where weights are morphisms of a given symmetric monoidal closed category (SMCC). For each SMCC W, we show that the category of W-weighted profunctors is a Lafont category, a categorical model of linear logic with exponential. As a model of programming languages, the construction of this paper gives a unified framework that induces adequate models of nondeterministic, probabilistic, algebraic and quantum programming languages by an appropriate choice of the weight SMCC.",,,"New York, NY, USA",Association for Computing Machinery,,LICS '18,"Oxford, United Kingdom",889–898,9781450355834,,
10.1145/2597917.2597939,inproceedings,ScaffCC: a framework for compilation and analysis of quantum computing programs,"JavadiAbhari, Ali and Patil, Shruti and Kudrow, Daniel and Heckey, Jeff and Lvov, Alexey and Chong, Frederic T. and Martonosi, Margaret",2014,,Proceedings of the 11th ACM Conference on Computing Frontiers,10.1145/2597917.2597939,https://doi.org/10.1145/2597917.2597939,"compilers, quantum computation, reversible logic",10,1,,"Quantum computing is a promising technology for high-performance computation, but requires mature toolflows that can map large-scale quantum programs onto targeted hardware. In this paper, we present a scalable compiler for large-scale quantum applications, and show the opportunities for reducing compilation and analysis time, as well as output code size. We discuss the similarities and differences between compiling for a quantum computer as opposed to a classical computer, and present a state-of-the-art approach for compilation of classical circuits into quantum circuits. Our work also highlights the importance of high-level quantum compilation for logical circuit translation, quantitative analysis of algorithms, and optimization of circuit lengths.",,,"New York, NY, USA",Association for Computing Machinery,,CF '14,"Cagliari, Italy",,9781450328708,,
